token,kelas,bobot
kata,k1,0.038442694
jokowi,k1,0.028832018
soal,k1,0.04631231
outsourcing,k1,0.009610673
bertemu,k2,0.06337474
semoga,k2,0.06337474
perjuangan,k2,0.06337474
buruh,k3,0.014698677
bisa,k4,0.023426015
ksn,k4,0.0752575
ical,k4,0.09407188
